{
  "vpc-provider:account=571653956102:filter.vpc-id=vpc-017016f4b94dc4f08:region=ap-south-1:returnAsymmetricSubnets=true": {
    "vpcId": "vpc-017016f4b94dc4f08",
    "vpcCidrBlock": "10.0.0.0/16",
    "ownerAccountId": "571653956102",
    "availabilityZones": [],
    "subnetGroups": [
      {
        "name": "Private",
        "type": "Private",
        "subnets": [
          {
            "subnetId": "subnet-0acda908e90fa28a5",
            "cidr": "10.0.128.0/20",
            "availabilityZone": "ap-south-1a",
            "routeTableId": "rtb-0274a828155a05cd2"
          },
          {
            "subnetId": "subnet-090d2808474f4bf91",
            "cidr": "10.0.144.0/20",
            "availabilityZone": "ap-south-1b",
            "routeTableId": "rtb-05d855b3f35dbc294"
          },
          {
            "subnetId": "subnet-021a9dfd5c18556e1",
            "cidr": "10.0.160.0/20",
            "availabilityZone": "ap-south-1c",
            "routeTableId": "rtb-073f1c2d6dd95da07"
          }
        ]
      },
      {
        "name": "Public",
        "type": "Public",
        "subnets": [
          {
            "subnetId": "subnet-0b251f7913ce4e341",
            "cidr": "10.0.0.0/20",
            "availabilityZone": "ap-south-1a",
            "routeTableId": "rtb-07abc7a2af36d54a7"
          },
          {
            "subnetId": "subnet-01cac6aaaaa1db8eb",
            "cidr": "10.0.16.0/20",
            "availabilityZone": "ap-south-1b",
            "routeTableId": "rtb-07abc7a2af36d54a7"
          },
          {
            "subnetId": "subnet-0a8eb5f14e4ce2f84",
            "cidr": "10.0.32.0/20",
            "availabilityZone": "ap-south-1c",
            "routeTableId": "rtb-07abc7a2af36d54a7"
          }
        ]
      }
    ]
  }
}
